pkl_name,dataset,erro_medio_regressor
moss_GIGANTE.pkl,1460_banana.csv,0.054061236842104815
moss_GIGANTE.pkl,1462_banknote-authentication.csv,0.009676078947368643
moss_GIGANTE.pkl,1466_cardiotocography.csv,0.011389938596491388
moss_GIGANTE.pkl,1475_first-order-theorem-proving.csv,0.07832699122807005
moss_GIGANTE.pkl,1479_hill-valley.csv,0.29495508771929885
moss_GIGANTE.pkl,1485_madelon.csv,0.20992465789473683
moss_GIGANTE.pkl,1489_phoneme.csv,0.08006732456140356
moss_GIGANTE.pkl,1494_qsar-biodeg.csv,0.12101407894736824
moss_GIGANTE.pkl,1496_ringnorm.csv,0.027736991228070412
moss_GIGANTE.pkl,1497_wall-robot-navigation.csv,0.013443640350877506
moss_GIGANTE.pkl,1504_steel-plates-fault.csv,0.014561999999999672
moss_GIGANTE.pkl,1507_twonorm.csv,0.014212070175438822
moss_GIGANTE.pkl,1526_wall-robot-navigation.csv,0.009028201754386182
moss_GIGANTE.pkl,1535_volcanoes-b5.csv,0.3302533684210526
moss_GIGANTE.pkl,1538_volcanoes-d1.csv,0.48433290350877484
moss_GIGANTE.pkl,1539_volcanoes-d2.csv,0.4680009210526327
moss_GIGANTE.pkl,1540_volcanoes-d3.csv,0.4814617631578971
moss_GIGANTE.pkl,1541_volcanoes-d4.csv,0.49031514035088103
moss_GIGANTE.pkl,1566_hill-valley.csv,0.34925313157894894
moss_GIGANTE.pkl,182_satimage.csv,0.017423807017544413
moss_GIGANTE.pkl,23_cmc.csv,0.183878254385965
moss_GIGANTE.pkl,28_optdigits.csv,0.09353055263157913
moss_GIGANTE.pkl,294_satellite_image.csv,0.02475693859649141
moss_GIGANTE.pkl,30_page-blocks.csv,0.08565449122807
moss_GIGANTE.pkl,312_scene.csv,0.4263391842105283
moss_GIGANTE.pkl,375_JapaneseVowels.csv,0.037738631578947586
moss_GIGANTE.pkl,40733_yeast.csv,0.37367561403508764
moss_GIGANTE.pkl,44_spambase.csv,0.02538134210526345
moss_GIGANTE.pkl,4538_GesturePhaseSegmentationProcessed.csv,0.4863618596491229
moss_GIGANTE.pkl,60_waveform-5000.csv,0.11313576315789514
moss_GIGANTE.pkl,679_rmftsa_sleepdata.csv,0.16145802631578923
moss_GIGANTE.pkl,AedesQuinx.csv,0.05381027192982411
moss_GIGANTE.pkl,AedesSex.csv,0.011312008771930065
moss_GIGANTE.pkl,ArabicDigit.csv,0.010578078947368829
moss_GIGANTE.pkl,BNG.csv,0.012579649122807325
moss_GIGANTE.pkl,BNG_breast-w.csv,0.011912771929824859
moss_GIGANTE.pkl,HTRU.csv,0.08148281578947345
moss_GIGANTE.pkl,MagicTelescope.csv,0.10512976315789477
moss_GIGANTE.pkl,abalone.csv,0.057473596491227796
moss_GIGANTE.pkl,ailerons.csv,0.0533869824561402
moss_GIGANTE.pkl,anuranCalls.csv,0.02092828947368407
moss_GIGANTE.pkl,balance.1.csv,0.027811508771929703
moss_GIGANTE.pkl,balance.3.csv,0.048103903508771854
moss_GIGANTE.pkl,balloon.csv,0.024075473684211045
moss_GIGANTE.pkl,bank8FM.csv,0.025554912280701746
moss_GIGANTE.pkl,breast-cancer.csv,0.018348070175438557
moss_GIGANTE.pkl,churn.csv,0.18473299122807038
moss_GIGANTE.pkl,clean2.csv,0.018688789473684735
moss_GIGANTE.pkl,click-prediction.csv,0.48557255263158217
moss_GIGANTE.pkl,cmc.1.csv,0.20457045614035094
moss_GIGANTE.pkl,cmc.2.csv,0.4068486491228073
moss_GIGANTE.pkl,cmc.3.csv,0.4811340438596492
moss_GIGANTE.pkl,cmc.csv,0.18346942105263164
moss_GIGANTE.pkl,covtype_reduced.csv,0.08985371929824597
moss_GIGANTE.pkl,cpu_act.csv,0.047019754385964764
moss_GIGANTE.pkl,ctg.1.csv,0.09893015789473726
moss_GIGANTE.pkl,ctg.2.csv,0.1617386228070178
moss_GIGANTE.pkl,ctg.3.csv,0.086044166666667
moss_GIGANTE.pkl,default_credit_card_clients.csv,0.45900432456140466
moss_GIGANTE.pkl,delta_ailerons.csv,0.026676263157894637
moss_GIGANTE.pkl,eeg.csv,0.05120353508771978
moss_GIGANTE.pkl,electricity-normalized.csv,0.04365985964912262
moss_GIGANTE.pkl,elevators.csv,0.16996128070175426
moss_GIGANTE.pkl,file22f0e4a679.csv,0.013572859649123206
moss_GIGANTE.pkl,file79b563a1a18.csv,0.09242913157894757
moss_GIGANTE.pkl,file7b5365fa741c.csv,0.17452059649122825
moss_GIGANTE.pkl,fri_c2_1000_10.csv,0.08039786842105286
moss_GIGANTE.pkl,fried.csv,0.0306952719298243
moss_GIGANTE.pkl,german.csv,0.4408181666666701
moss_GIGANTE.pkl,gina_agnostic.csv,0.03083370175438566
moss_GIGANTE.pkl,haberman.csv,0.3813396754385968
moss_GIGANTE.pkl,houses.csv,0.011635596491228107
moss_GIGANTE.pkl,ionosphere.csv,0.06415137719298243
moss_GIGANTE.pkl,iris.2.csv,0.05798395614035098
moss_GIGANTE.pkl,iris.3.csv,0.11869251754386004
moss_GIGANTE.pkl,jm1-processed.csv,0.477944561403511
moss_GIGANTE.pkl,kdd_JapaneseVowels.csv,0.038260210526315744
moss_GIGANTE.pkl,kin8nm.csv,0.14498431578947424
moss_GIGANTE.pkl,letter-recognition.csv,0.06558186842105256
moss_GIGANTE.pkl,magic.csv,0.09551987719298223
moss_GIGANTE.pkl,mammographic.csv,0.08718326315789388
moss_GIGANTE.pkl,mozilla.csv,0.05144726315789522
moss_GIGANTE.pkl,namao.csv,0.037067315789473795
moss_GIGANTE.pkl,occupancy.csv,0.011654184210526263
moss_GIGANTE.pkl,page-blocks.csv,0.08055287719298247
moss_GIGANTE.pkl,pageblocks.5.csv,0.18268728947368454
moss_GIGANTE.pkl,pendigits.csv,0.022172271929825463
moss_GIGANTE.pkl,phoneme.csv,0.07527201754385981
moss_GIGANTE.pkl,php50jXam.csv,0.009837421052631875
moss_GIGANTE.pkl,phpGUrE90.csv,0.08740214912280735
moss_GIGANTE.pkl,phpMD2hR6.csv,0.010529342105263274
moss_GIGANTE.pkl,phpWfYmlu.csv,0.028074622807017474
moss_GIGANTE.pkl,phphQEck0.csv,0.009599438596491415
moss_GIGANTE.pkl,phplE7q6h.csv,0.05148721929824548
moss_GIGANTE.pkl,phpmPOD5A.csv,0.3863693859649113
moss_GIGANTE.pkl,phpwRjVjk.csv,0.059188271929824385
moss_GIGANTE.pkl,phpxijhaP.csv,0.016238254385964795
moss_GIGANTE.pkl,pol.csv,0.0233353859649124
moss_GIGANTE.pkl,pollen.csv,0.30209989473684346
moss_GIGANTE.pkl,puma32H.csv,0.21978465789473872
moss_GIGANTE.pkl,puma8NH.csv,0.045058438596491154
moss_GIGANTE.pkl,quake.csv,0.4630042192982489
moss_GIGANTE.pkl,sonar.csv,0.2944569736842112
moss_GIGANTE.pkl,space_ga.csv,0.0570341403508769
moss_GIGANTE.pkl,spambase(1).csv,0.03550307894736841
moss_GIGANTE.pkl,spambase.csv,0.028604192982455808
moss_GIGANTE.pkl,spectf.csv,0.4631876754385965
moss_GIGANTE.pkl,sylva_prior.csv,0.05455400000000019
moss_GIGANTE.pkl,tictactoe.csv,0.09101754385964925
moss_GIGANTE.pkl,transfusion.csv,0.3345180438596495
moss_GIGANTE.pkl,visualizing_soil.csv,0.009581912280701932
moss_GIGANTE.pkl,wind.csv,0.05575480701754341
moss_GIGANTE.pkl,wine-q-red.csv,0.07200382456140353
moss_GIGANTE.pkl,wine-q-white.csv,0.19296252631578958
moss_GIGANTE.pkl,wine.1.csv,0.0544902192982459
moss_GIGANTE.pkl,wine.2.csv,0.03256149122807045
moss_GIGANTE.pkl,wine.3.csv,0.01314015789473647
moss_GIGANTE.pkl,winetype.csv,0.012229359649122874
moss_GIGANTE.pkl,yeast.csv,0.44824459649122805
moss_LEVE.pkl,1460_banana.csv,0.0524447368421052
moss_LEVE.pkl,1462_banknote-authentication.csv,0.025142982456140262
moss_LEVE.pkl,1466_cardiotocography.csv,0.024402631578947464
moss_LEVE.pkl,1475_first-order-theorem-proving.csv,0.05843157894736904
moss_LEVE.pkl,1479_hill-valley.csv,0.3531763157894741
moss_LEVE.pkl,1485_madelon.csv,0.2176596491228089
moss_LEVE.pkl,1489_phoneme.csv,0.08727017543859632
moss_LEVE.pkl,1494_qsar-biodeg.csv,0.1493508771929815
moss_LEVE.pkl,1496_ringnorm.csv,0.04068508771929882
moss_LEVE.pkl,1497_wall-robot-navigation.csv,0.025238596491228598
moss_LEVE.pkl,1504_steel-plates-fault.csv,0.030334210526315873
moss_LEVE.pkl,1507_twonorm.csv,0.021699122807017798
moss_LEVE.pkl,1526_wall-robot-navigation.csv,0.02584649122807023
moss_LEVE.pkl,1535_volcanoes-b5.csv,0.3578973684210517
moss_LEVE.pkl,1538_volcanoes-d1.csv,0.4882447368421091
moss_LEVE.pkl,1539_volcanoes-d2.csv,0.48567192982456503
moss_LEVE.pkl,1540_volcanoes-d3.csv,0.4876798245614073
moss_LEVE.pkl,1541_volcanoes-d4.csv,0.4892578947368461
moss_LEVE.pkl,1566_hill-valley.csv,0.3092552631578944
moss_LEVE.pkl,182_satimage.csv,0.025503508771930028
moss_LEVE.pkl,23_cmc.csv,0.18900000000000006
moss_LEVE.pkl,28_optdigits.csv,0.10797719298245656
moss_LEVE.pkl,294_satellite_image.csv,0.030770175438596965
moss_LEVE.pkl,30_page-blocks.csv,0.08366578947368347
moss_LEVE.pkl,312_scene.csv,0.46974385964912513
moss_LEVE.pkl,375_JapaneseVowels.csv,0.040750877192983065
moss_LEVE.pkl,40733_yeast.csv,0.47429210526315796
moss_LEVE.pkl,44_spambase.csv,0.03452631578947398
moss_LEVE.pkl,4538_GesturePhaseSegmentationProcessed.csv,0.47020263157894754
moss_LEVE.pkl,60_waveform-5000.csv,0.10332192982456159
moss_LEVE.pkl,679_rmftsa_sleepdata.csv,0.16334649122807013
moss_LEVE.pkl,AedesQuinx.csv,0.06188859649122876
moss_LEVE.pkl,AedesSex.csv,0.02730614035087722
moss_LEVE.pkl,ArabicDigit.csv,0.024908771929824578
moss_LEVE.pkl,BNG.csv,0.028635087719298236
moss_LEVE.pkl,BNG_breast-w.csv,0.027152631578947643
moss_LEVE.pkl,HTRU.csv,0.08686842105263079
moss_LEVE.pkl,MagicTelescope.csv,0.09518157894736896
moss_LEVE.pkl,abalone.csv,0.05622192982456148
moss_LEVE.pkl,ailerons.csv,0.04220614035087787
moss_LEVE.pkl,anuranCalls.csv,0.0313105263157894
moss_LEVE.pkl,balance.1.csv,0.02988947368421066
moss_LEVE.pkl,balance.3.csv,0.041471929824561805
moss_LEVE.pkl,balloon.csv,0.028821052631579552
moss_LEVE.pkl,bank8FM.csv,0.03625964912280701
moss_LEVE.pkl,breast-cancer.csv,0.031885087719298294
moss_LEVE.pkl,churn.csv,0.16993333333333374
moss_LEVE.pkl,clean2.csv,0.0353859649122814
moss_LEVE.pkl,click-prediction.csv,0.48917807017544246
moss_LEVE.pkl,cmc.1.csv,0.18455438596491253
moss_LEVE.pkl,cmc.2.csv,0.4250587719298249
moss_LEVE.pkl,cmc.3.csv,0.45992982456140363
moss_LEVE.pkl,cmc.csv,0.15087280701754346
moss_LEVE.pkl,covtype_reduced.csv,0.09412807017543828
moss_LEVE.pkl,cpu_act.csv,0.049181578947368944
moss_LEVE.pkl,ctg.1.csv,0.1041912280701744
moss_LEVE.pkl,ctg.2.csv,0.15583508771929844
moss_LEVE.pkl,ctg.3.csv,0.0958271929824565
moss_LEVE.pkl,default_credit_card_clients.csv,0.4582245614035097
moss_LEVE.pkl,delta_ailerons.csv,0.03635701754385969
moss_LEVE.pkl,eeg.csv,0.04752192982456131
moss_LEVE.pkl,electricity-normalized.csv,0.04455438596491266
moss_LEVE.pkl,elevators.csv,0.1794964912280695
moss_LEVE.pkl,file22f0e4a679.csv,0.023811403508771967
moss_LEVE.pkl,file79b563a1a18.csv,0.1033587719298247
moss_LEVE.pkl,file7b5365fa741c.csv,0.18925263157894745
moss_LEVE.pkl,fri_c2_1000_10.csv,0.06460526315789503
moss_LEVE.pkl,fried.csv,0.03555087719298234
moss_LEVE.pkl,german.csv,0.48258947368421434
moss_LEVE.pkl,gina_agnostic.csv,0.03197982456140371
moss_LEVE.pkl,haberman.csv,0.3923938596491232
moss_LEVE.pkl,houses.csv,0.0263675438596491
moss_LEVE.pkl,ionosphere.csv,0.0683078947368424
moss_LEVE.pkl,iris.2.csv,0.06367894736842156
moss_LEVE.pkl,iris.3.csv,0.11298771929824643
moss_LEVE.pkl,jm1-processed.csv,0.47563859649123047
moss_LEVE.pkl,kdd_JapaneseVowels.csv,0.04559298245614096
moss_LEVE.pkl,kin8nm.csv,0.13014210526315784
moss_LEVE.pkl,letter-recognition.csv,0.073037719298245
moss_LEVE.pkl,magic.csv,0.09002807017543886
moss_LEVE.pkl,mammographic.csv,0.0886315789473688
moss_LEVE.pkl,mozilla.csv,0.05824385964912376
moss_LEVE.pkl,namao.csv,0.051153508771929486
moss_LEVE.pkl,occupancy.csv,0.024903508771929754
moss_LEVE.pkl,page-blocks.csv,0.09006491228070136
moss_LEVE.pkl,pageblocks.5.csv,0.1794078947368424
moss_LEVE.pkl,pendigits.csv,0.03382631578947448
moss_LEVE.pkl,phoneme.csv,0.07378684210526312
moss_LEVE.pkl,php50jXam.csv,0.02625350877192994
moss_LEVE.pkl,phpGUrE90.csv,0.0846114035087722
moss_LEVE.pkl,phpMD2hR6.csv,0.026233333333333348
moss_LEVE.pkl,phpWfYmlu.csv,0.03824999999999976
moss_LEVE.pkl,phphQEck0.csv,0.026681578947368445
moss_LEVE.pkl,phplE7q6h.csv,0.046243859649122344
moss_LEVE.pkl,phpmPOD5A.csv,0.4123192982456135
moss_LEVE.pkl,phpwRjVjk.csv,0.051974561403508944
moss_LEVE.pkl,phpxijhaP.csv,0.02198947368421042
moss_LEVE.pkl,pol.csv,0.030327192982456008
moss_LEVE.pkl,pollen.csv,0.37551052631579074
moss_LEVE.pkl,puma32H.csv,0.2099473684210543
moss_LEVE.pkl,puma8NH.csv,0.04868596491228051
moss_LEVE.pkl,quake.csv,0.4660236842105295
moss_LEVE.pkl,sonar.csv,0.2670359649122817
moss_LEVE.pkl,space_ga.csv,0.05245701754385969
moss_LEVE.pkl,spambase(1).csv,0.041365789473684446
moss_LEVE.pkl,spambase.csv,0.03409473684210542
moss_LEVE.pkl,spectf.csv,0.4810833333333335
moss_LEVE.pkl,sylva_prior.csv,0.06260087719298287
moss_LEVE.pkl,tictactoe.csv,0.07701842105263194
moss_LEVE.pkl,transfusion.csv,0.34421052631578986
moss_LEVE.pkl,visualizing_soil.csv,0.02640526315789475
moss_LEVE.pkl,wind.csv,0.04556754385964958
moss_LEVE.pkl,wine-q-red.csv,0.07161666666666647
moss_LEVE.pkl,wine-q-white.csv,0.20803684210526227
moss_LEVE.pkl,wine.1.csv,0.06137807017543926
moss_LEVE.pkl,wine.2.csv,0.03334649122807085
moss_LEVE.pkl,wine.3.csv,0.02581491228070152
moss_LEVE.pkl,winetype.csv,0.02637719298245612
moss_LEVE.pkl,yeast.csv,0.43775087719298245
