real,err_CC,err_ACC,err_PACC,err_MS,err_EMQ,err_Dys,dataset
0.4984210526315789,0.076976316,0.064210526,0.076976316,0.060474991,0.024258709,0.036216282,1460_banana.csv
0.4984210526315789,0.016194736842105244,0.006315789,0.016194737,0.007016408,0.012227558234679825,0.00521115,1462_banknote-authentication.csv
0.4984210526315789,0.021604386,0.001578947,0.021604385965332384,0.001578947,0.011323738929101414,0.009744792,1466_cardiotocography.csv
0.4984210526315789,0.12609406733373837,0.1005932308040538,0.12522477814239008,0.10090648477860722,0.033516467,0.067390017,1475_first-order-theorem-proving.csv
0.4984210526315789,0.22316842105263157,0.20710526315799627,0.22316842105267093,0.21705992923485157,0.20127588199655866,0.015784047,1479_hill-valley.csv
0.4984210526315789,0.21821754385964917,0.1726315789475466,0.21821754385964195,0.17394736842105232,0.12347790031399185,0.050469468,1485_madelon.csv
0.4984210526315789,0.12494210526315787,0.096578947,0.12494210526301615,0.09459495,0.029531047,0.065063903,1489_phoneme.csv
0.4984210526315789,0.13629298245614035,0.11236842105230065,0.13629298245591415,0.10976251604621408,0.044609656,0.06515286,1494_qsar-biodeg.csv
0.4984210526315789,0.074889474,0.031578947368816696,0.074889474,0.032380482057132884,0.043654997353942335,0.011274515,1496_ringnorm.csv
0.4984210526315789,0.027373684210526293,0.011315789474092567,0.027373684210816585,0.01096868,0.014721885596690739,0.003753206,1497_wall-robot-navigation.csv
0.4984210526315789,0.06899386,0.007631579,0.06899386,0.007631579,0.056989963,0.049358384,1504_steel-plates-fault.csv
0.4984210526315789,0.083850877,0.015789474,0.083850877,0.015394736842105261,0.050441467696708674,0.035046731,1507_twonorm.csv
0.4984210526315789,0.002814912,4.980226757305374e-13,0.002814912,6.856816360199656e-05,0.001715275,0.001646707,1526_wall-robot-navigation.csv
0.4984210526315789,0.29043070175438596,0.2644736842097636,0.29043070175364727,0.2482991029865799,0.098640142,0.149658961,1535_volcanoes-b5.csv
0.4984210526315789,0.3800561403508772,0.4402631578937983,0.3800561403500988,0.4319904306220098,0.1274029250374029,0.304587506,1538_volcanoes-d1.csv
0.4984210526315789,0.37043596491228076,0.4355263157885399,0.37043596491151193,0.41752951661256976,0.11375639692079849,0.30377312,1539_volcanoes-d2.csv
0.4984210526315789,0.37153333333333344,0.43657894736748615,0.37153333333256355,0.41277190921926415,0.12647435463496617,0.286297555,1540_volcanoes-d3.csv
0.4984210526315789,0.3841429824561403,0.47368421052534376,0.3841429824553579,0.45418908656649026,0.11937141619320217,0.33481767,1541_volcanoes-d4.csv
0.4984210526315789,0.22664736842105265,0.21815789473674685,0.22664736842098043,0.22380949383027113,0.21850916103173948,0.005300333,1566_hill-valley.csv
0.4984210526315789,0.030403508771929825,0.012631578947781073,0.030403508772331556,0.012584306,0.014834407285260035,0.002250101,182_satimage.csv
0.4984210526315789,0.18447205020126073,0.1707756724718203,0.18337401009389354,0.16811910283140052,0.090160494,0.077958609,23_cmc.csv
0.4984210526315789,0.12321666666666664,0.080526316,0.12321666666703007,0.082368421,0.038886053867589615,0.043482367,28_optdigits.csv
0.4984210526315789,0.039814035,0.019210526316252318,0.039814035,0.019387048040283558,0.012784836634418895,0.006602211,294_satellite_image.csv
0.4984210526315789,0.097729825,0.088684211,0.097729825,0.081327095,0.011096765616005972,0.07023033,30_page-blocks.csv
0.4984210526315789,0.22808333333333333,0.2678947368413398,0.2280833333329336,0.24596952908587366,0.09336646,0.152603069,312_scene.csv
0.4984210526315789,0.0607,0.037105263,0.0607,0.036380768,0.028053635409158062,0.008327132,375_JapaneseVowels.csv
0.4984210526315789,0.2099517543859649,0.23157894736865528,0.20995175438610533,0.20052631578947278,0.067784999,0.132741317,40733_yeast.csv
0.4984210526315789,0.061940731,0.034195987,0.061705597,0.03445647,0.035785960075623235,0.00132949,44_spambase.csv
0.4984210526315789,0.20296140350877193,0.24894736842129142,0.20296140350895675,0.2418421052631577,0.088047209,0.153794896,4538_GesturePhaseSegmentationProcessed.csv
0.4984210526315789,0.13726403508771928,0.10394736842139667,0.1372640350879644,0.10225952813067112,0.050067657,0.052191871,60_waveform-5000.csv
0.4984210526315789,0.17873276670454305,0.095547298,0.1444644081618981,0.12371351840950198,0.10455551995832954,0.019157998,679_rmftsa_sleepdata.csv
0.4984210526315789,0.12697894736842105,0.083684211,0.12697894736857984,0.083947368,0.0361152,0.047832168,AedesQuinx.csv
0.4984210526315789,0.018537719,0.012105263158094716,0.018537719,0.010718882989610937,0.011904151264316914,0.001185268,AedesSex.csv
0.4984210526315789,0.040935964912280715,0.004736842,0.040935965,0.00482592,0.025985139485296006,0.021159219,ArabicDigit.csv
0.4984210526315789,0.018719298245614024,0.012368421,0.018719298245949468,0.011523147502310354,0.008983537,0.002539611,BNG.csv
0.4984210526315789,0.016694736842105255,0.007105263,0.016694736842398524,0.007374182,0.006037193,0.00133699,BNG_breast-w.csv
0.4984210526315789,0.087223684,0.078421053,0.087223684,0.06370734,0.021246061060954752,0.042461279,HTRU.csv
0.4984210526315789,0.11868421052631577,0.10842105263195047,0.11868421052654814,0.10836632555298606,0.034780975,0.073585351,MagicTelescope.csv
0.4984210526315789,0.13043508771929824,0.096578947,0.1304350877193788,0.095217534,0.040341232446565574,0.054876302,abalone.csv
0.4984210526315789,0.11380526315789474,0.071578947,0.11380526315808769,0.07405473,0.038258606,0.035796124,ailerons.csv
0.4984210526315789,0.031505263157894724,0.013947368,0.031505263,0.014952414,0.011712493,0.003239921,anuranCalls.csv
0.4984210526315789,0.067994737,0.039473684210836316,0.067994737,0.032235199,0.030314363697560066,0.001920835,balance.1.csv
0.4984210526315789,0.086502632,0.076842105,0.086502632,0.075586124,0.028305642,0.047280482,balance.3.csv
0.4984210526315789,0.029285964912280714,0.016842105263606032,0.029285964912721705,0.016385765529438108,0.009094823,0.007290942,balloon.csv
0.4984210526315789,0.063599123,0.036315789473891504,0.063599123,0.036312657,0.036986028529027236,0.000673371,bank8FM.csv
0.4984210526315789,0.038436842,0.016052631579359527,0.038436842105338605,0.01434342,0.011898451701441026,0.002444968,breast-cancer.csv
0.4984210526315789,0.16093859649122805,0.12868421052668186,0.1609385964915226,0.12934210526315684,0.099309059,0.030033046,churn.csv
0.4984210526315789,0.046107018,4.974587992996092e-13,0.046107017544287456,0.000246431,0.030951360941609687,0.03070493,clean2.csv
0.4984210526315789,0.31134736842105265,0.44473684210431996,0.311347368,0.40828549323006663,0.10672683960852603,0.301558654,click-prediction.csv
0.4984210526315789,0.18587477424622165,0.16668725767304343,0.18493204852337156,0.16459401506053395,0.095240033,0.069353982,cmc.1.csv
0.4984210526315789,0.2649153084099137,0.3105585182048381,0.2544865731385349,0.30383821489899926,0.14437871073753955,0.159459504,cmc.2.csv
0.4984210526315789,0.23003689647097544,0.2531068291072551,0.22561864522121924,0.25536964798904155,0.16089526605697613,0.094474382,cmc.3.csv
0.4984210526315789,0.18902707289055973,0.1757380172296443,0.18652805573739994,0.1697493979609553,0.092031393,0.077718005,cmc.csv
0.4984210526315789,0.14491666666666667,0.091842105,0.1449166666667328,0.091058612,0.069479586,0.021579027,covtype_reduced.csv
0.4984210526315789,0.071052632,0.055263158,0.071052632,0.05211362,0.020644995328027632,0.031468624,cpu_act.csv
0.4984210526315789,0.11058245614035088,0.1099999999995395,0.11058245613997918,0.10758227221279068,0.025671423549308986,0.081910849,ctg.1.csv
0.4984210526315789,0.1629318400167084,0.1421195846763241,0.1608107175538349,0.13406517824644784,0.033282639828462704,0.100782538,ctg.2.csv
0.4984210526315789,0.1133438596491228,0.085263158,0.11334385964948798,0.085309598,0.01819129,0.067118307,ctg.3.csv
0.4984210526315789,0.24237268,0.2869201506476943,0.2419337349571026,0.27521785171090246,0.066816921,0.208400931,default_credit_card_clients.csv
0.4984210526315789,0.049233333,0.031842105263223924,0.049233333,0.028519773,0.015605895730952949,0.012913878,delta_ailerons.csv
0.4984210526315789,0.11012807017543863,0.042105263158283106,0.11012807017561424,0.041710526,0.061286355740976094,0.019575829,eeg.csv
0.4984210526315789,0.10175964912280702,0.065,0.10175964912301207,0.065468679,0.036150703723540366,0.029317976,electricity-normalized.csv
0.4984210526315789,0.15607456140350875,0.16710526315751084,0.15607456140340958,0.14976675601190256,0.055403299,0.094363457,elevators.csv
0.4984210526315789,0.047036842105263155,0.012105263,0.047036842,0.012119125286228407,0.021865678668564262,0.009746553,file22f0e4a679.csv
0.4984210526315789,0.1403947368421052,0.16736842105215588,0.14039473684220155,0.11447476839090735,0.058393589,0.05608118,file79b563a1a18.csv
0.4984210526315789,0.16865526315789472,0.16447368421082023,0.1686552631581556,0.16633625730994092,0.041670209,0.124666048,file7b5365fa741c.csv
0.4984210526315789,0.11685701754385965,0.099473684,0.11685701754407178,0.098157895,0.043925029946144306,0.054232865,fri_c2_1000_10.csv
0.4984210526315789,0.081214035,0.046315789473923646,0.081214035,0.046052632,0.029952181555353532,0.01610045,fried.csv
0.4984210526315789,0.23011666666666666,0.28447368420984265,0.23011666666642303,0.2452631578947385,0.070871324,0.174391834,german.csv
0.4984210526315789,0.11259912280701755,0.046052632,0.1125991228071674,0.045,0.057082125,0.012082125,gina_agnostic.csv
0.4984210526315789,0.2605488304093567,0.3048987854252632,0.2568786924577867,0.2967099587185964,0.20122019178826828,0.095489767,haberman.csv
0.4984210526315789,0.021907894736842105,0.014473684210790235,0.021907894737116997,0.013327023792929856,0.012173891245861797,0.001153133,houses.csv
0.4984210526315789,0.10389210526315791,0.070789474,0.10389210526346847,0.070755518,0.042734175,0.028021343,ionosphere.csv
0.4984210526315789,0.073041228,0.065263158,0.073041228,0.065,0.021712867908098458,0.043287132,iris.2.csv
0.4984210526315789,0.10652280701754384,0.15210526315822723,0.10652280701791253,0.11762396063557215,0.072937369,0.044686592,iris.3.csv
0.4984210526315789,0.28582242143454306,0.38370468869260416,0.2789267957082261,0.3601972828292831,0.097678969,0.262518314,jm1-processed.csv
0.4984210526315789,0.064461404,0.036842105263608385,0.064461404,0.036052632,0.021824626838881166,0.014228005,kdd_JapaneseVowels.csv
0.4984210526315789,0.14154999999999998,0.082368421,0.14155000000006687,0.083552632,0.074737944,0.008814687,kin8nm.csv
0.4984210526315789,0.073503509,0.063684211,0.073503509,0.055450679,0.03691846,0.018532219,letter-recognition.csv
0.4984210526315789,0.12101842105263158,0.10000000000032731,0.12101842105286159,0.099094818,0.035099667,0.063995151,magic.csv
0.4984210526315789,0.12152927144249513,0.089362529,0.11241507212626818,0.08583754,0.060255099,0.025582441,mammographic.csv
0.4984210526315789,0.047628947,0.061578947,0.047628947,0.033818684,0.022153518226241755,0.011665165,mozilla.csv
0.4984210526315789,0.054856448,0.037812276066897986,0.054782247,0.037643637,0.015541376705524971,0.02210226,namao.csv
0.4984210526315789,0.012938596491228069,0.008157895,0.012938596491208288,0.007887451,0.00595872,0.001928731,occupancy.csv
0.4984210526315789,0.093087719,0.082631579,0.093087719,0.076108881,0.011602045624952637,0.064506835,page-blocks.csv
0.4984210526315789,0.19190877192982453,0.1605263157898005,0.1919087719301257,0.1143203097577552,0.017160591933923844,0.097159718,pageblocks.5.csv
0.4984210526315789,0.044163158,0.006315789,0.044163158,0.006452304,0.013093632258044201,0.006641329,pendigits.csv
0.4984210526315789,0.11773859649122809,0.075789474,0.1177385964915426,0.0773977,0.032616977,0.044780723,phoneme.csv
0.4984210526315789,0.018790351,0.007368421,0.018790350877405732,0.007218859,0.010146789,0.00292793,php50jXam.csv
0.4984210526315789,0.12565789473684208,0.091052632,0.12565789473708455,0.0921875,0.040466836055419335,0.051720664,phpGUrE90.csv
0.4984210526315789,0.012000000000000009,0.008684211,0.012,0.007846789,0.007280776,0.000566014,phpMD2hR6.csv
0.4984210526315789,0.070457018,0.033947368,0.070457018,0.031109945481519914,0.048914943,0.017804998,phpWfYmlu.csv
0.4984210526315789,0.001849428,0.000278566,0.001849387,0.000280977,0.001366169,0.001085192,phphQEck0.csv
0.4984210526315789,0.11620438596491227,0.049210526315717644,0.11620438596495028,0.050451065,0.068097195,0.01764613,phplE7q6h.csv
0.4984210526315789,0.3239456140350877,0.34184210526231773,0.32394561403436545,0.32576047186733875,0.08214312,0.243617352,phpmPOD5A.csv
0.4984210526315789,0.079369298,0.068421053,0.079369298,0.064838551,0.027405723,0.037432828,phpwRjVjk.csv
0.4984210526315789,0.087485088,0.020263157894992802,0.087485088,0.021447368,0.049820458616965234,0.02837309,phpxijhaP.csv
0.4984210526315789,0.040635088,0.025263157894750005,0.040635087719411815,0.023709184311405174,0.018185256832865492,0.005523927,pol.csv
0.4984210526315789,0.23310789473684213,0.23315789473681742,0.2331078947368201,0.2327557031122709,0.22789314624882265,0.004862557,pollen.csv
0.4984210526315789,0.1626763157894737,0.061578947368513666,0.16267631578952205,0.061842105,0.11593435154969223,0.054092246,puma32H.csv
0.4984210526315789,0.1338385964912281,0.091842105,0.13383859649133106,0.09200076,0.046779654,0.045221107,puma8NH.csv
0.4984210526315789,0.2300416374269006,0.22896871732293692,0.23012013090115696,0.21808509269863377,0.2188350358449409,0.000749943,quake.csv
0.4984210526315789,0.17581929824561404,0.14000000000027638,0.1758192982457444,0.14763157894736265,0.1388353616478877,0.008796217,sonar.csv
0.4984210526315789,0.12206578947368418,0.082894737,0.12206578947381985,0.082770898,0.037821882,0.044949015,space_ga.csv
0.4984210526315789,0.061946491228070194,0.041842105263548805,0.061946491228333234,0.041922301,0.02876745,0.013154851,spambase(1).csv
0.4984210526315789,0.062361878,0.033907531,0.06211267,0.03447052,0.034267347,0.000203173,spambase.csv
0.4984210526315789,0.2520298245614035,0.351578947,0.25202982456157735,0.2884210526315712,0.15333147840130695,0.135089574,spectf.csv
0.4984210526315789,0.096887719,0.043421053,0.096887719,0.044406647,0.02271468,0.021691967,sylva_prior.csv
0.4984210526315789,0.10670438596491227,0.017631579,0.10670438596519183,0.017631578947366132,0.068825593,0.051194014,tictactoe.csv
0.4984210526315789,0.24683440763149886,0.2049202377111008,0.21319700755184293,0.20474487923600285,0.14382924712159828,0.060915632,transfusion.csv
0.4984210526315789,0.000333333,4.982436247206354e-13,0.000333333,1.7164632288612617e-16,0.000234843,0.000234843,visualizing_soil.csv
0.4984210526315789,0.10704912280701753,0.079736842,0.10704912280719618,0.07842361,0.043010054,0.035413556,wind.csv
0.4984210526315789,0.1439342105263158,0.1134210526316312,0.1439342105263544,0.11243041497975699,0.059624709413253936,0.052805706,wine-q-red.csv
0.4984210526315789,0.1740035087719298,0.15289473684190147,0.17400350877174176,0.15366375591324294,0.047078975,0.106584781,wine-q-white.csv
0.4984210526315789,0.088446491,0.062368421,0.088446491,0.062368421052616835,0.031761294,0.030607127,wine.1.csv
0.4984210526315789,0.063982456,0.016052632,0.063982456,0.016052631578941354,0.038687264,0.022634633,wine.2.csv
0.4984210526315789,0.046900877192982464,0.016052631578757963,0.046900877,0.015721748321699435,0.054314924,0.038593176,wine.3.csv
0.4984210526315789,0.022754379,0.007296719,0.022786678560172968,0.007603843,0.011175158297059918,0.003571315,winetype.csv
0.4984210526315789,0.21668508771929829,0.22447368421077285,0.21668508771946868,0.20368421052631455,0.063112029,0.140572182,yeast.csv
